Sales,Review_Score,Used_Price,Release_Year,Length_All_PlayStyles_Polled
4690,85,24.95,2004,57
560,89,14.95,2004,5
540,81,22.95,2004,57
490,81,12.95,2004,0
450,61,14.95,2004,37
410,67,12.95,2004,7
360,88,19.95,2004,6
340,75,17.95,2004,18
250,68,8.95,2004,0
220,46,24.95,2004,4
200,62,14.95,2004,4
160,75,8.95,2004,9
150,63,9.95,2004,1
140,74,14.95,2004,7
130,51,14.95,2004,1
120,73,8.95,2004,5
110,60,14.95,2004,2
100,74,14.95,2004,5
90,72,14.95,2004,2
60,48,8.95,2004,1
50,66,16.95,2004,0
40,76,19.95,2004,3
9990,91,29.95,2005,91
9720,83,26.95,2005,9
5070,77,17.95,2005,10
3650,77,17.95,2005,7
2970,88,17.95,2005,60
2600,86,24.95,2005,24
1770,74,16.95,2005,9
1690,89,17.95,2005,210
1690,74,14.95,2005,9
1670,72,14.95,2005,3
1220,62,14.95,2005,60
1200,82,14.95,2005,25
1090,69,16.95,2005,99
1070,82,14.95,2005,1
950,83,17.95,2005,182
920,44,12.95,2005,0
830,70,17.95,2005,20
750,86,29.95,2005,96
750,75,7.95,2005,2
730,74,17.95,2005,3
730,79,14.95,2005,0
700,79,17.95,2005,33
700,63,15.95,2005,9
700,75,29.95,2005,22
680,86,14.95,2005,14
620,74,4.95,2005,2
610,83,17.95,2005,1
560,63,12.95,2005,0
560,68,12.95,2005,2
490,83,14.95,2005,1
460,65,14.95,2005,20
450,88,12.95,2005,8
420,80,9.95,2005,1
380,81,14.95,2005,14
380,85,17.95,2005,25
380,81,24.95,2005,240
380,67,14.95,2005,37
370,73,17.95,2005,0
370,86,17.95,2005,40
360,77,16.95,2005,4
360,73,17.95,2005,2
330,71,9.95,2005,0
330,81,14.95,2005,156
320,80,14.95,2005,49
310,89,17.95,2005,130
310,67,13.95,2005,2
310,58,17.95,2005,8
310,79,11.95,2005,43
300,90,17.95,2005,34
300,81,15.95,2005,32
300,59,12.95,2005,5
290,64,4.95,2005,1
290,75,14.95,2005,18
280,73,16.95,2005,25
280,72,17.95,2005,1
270,66,14.95,2005,12
270,84,17.95,2005,18
270,75,14.95,2005,110
260,74,19.95,2005,5
250,45,15.95,2005,182
250,79,17.95,2005,18
220,79,17.95,2005,7
220,72,9.95,2005,1
220,75,19.95,2005,83
220,81,4.95,2005,3
210,73,9.95,2005,0
210,68,17.95,2005,18
210,84,16.95,2005,5
210,67,4.95,2005,0
210,78,17.95,2005,0
210,37,14.95,2005,0
200,79,16.95,2005,4
200,80,9.95,2005,0
190,61,9.95,2005,1
190,70,17.95,2005,18
190,66,17.95,2005,6
180,56,11.95,2005,5
180,84,14.95,2005,0
170,65,6.95,2005,0
160,38,17.95,2005,14
160,88,15.95,2005,13
150,50,17.95,2005,4
150,63,8.95,2005,0
150,74,17.95,2005,2
140,75,14.95,2005,6
130,72,12.95,2005,2
130,66,22.95,2005,10
130,83,12.95,2005,39
130,54,14.95,2005,3
130,72,14.95,2005,9
120,68,17.95,2005,0
120,59,14.95,2005,7
120,66,9.95,2005,2
120,51,12.95,2005,0
120,66,14.95,2005,0
120,73,14.95,2005,0
120,80,12.95,2005,15
110,35,14.95,2005,0
110,75,17.95,2005,7
110,58,14.95,2005,4
110,65,22.95,2005,69
110,66,19.95,2005,0
110,64,19.95,2005,1
110,43,12.95,2005,2
100,61,9.95,2005,0
100,74,14.95,2005,1
100,49,14.95,2005,6
100,75,5.95,2005,2
90,75,17.95,2005,0
90,64,14.95,2005,3
90,70,9.95,2005,0
80,34,14.95,2005,8
80,60,17.95,2005,1
80,73,14.95,2005,5
80,68,17.95,2005,9
80,69,14.95,2005,0
70,69,24.95,2005,5
70,61,14.95,2005,0
60,65,16.95,2005,0
60,69,17.95,2005,0
60,68,17.95,2005,13
60,71,17.95,2005,5
60,61,17.95,2005,0
60,58,17.95,2005,1
60,61,24.95,2005,1
60,72,17.95,2005,4
50,58,14.95,2005,2
50,77,9.95,2005,2
40,38,17.95,2005,0
20,68,17.95,2005,3
10,71,29.95,2005,6
10,61,22.95,2005,1
10,49,13.95,2005,0
14660,58,14.95,2006,11
10030,89,27.95,2006,156
6770,85,27.95,2006,253
6770,85,26.95,2006,253
3700,94,19.95,2006,310
3330,95,39.95,2006,528
2900,67,17.95,2006,5
2420,82,14.95,2006,68
2380,85,14.95,2006,37
2120,94,19.95,2006,518
1770,80,4.95,2006,0
1720,86,17.95,2006,45
1610,86,19.95,2006,138
1580,82,16.95,2006,16
1510,82,16.95,2006,96
1490,81,27.95,2006,23
1460,90,14.95,2006,10
1400,86,14.95,2006,21
1360,69,19.95,2006,36
1260,76,17.95,2006,27
1230,81,14.95,2006,57
1190,88,14.95,2006,76
1160,85,16.95,2006,93
1150,69,19.95,2006,96
1150,79,12.95,2006,92
1030,69,22.95,2006,2
1020,47,17.95,2006,51
1000,74,14.95,2006,6
970,49,14.95,2006,2
930,73,16.95,2006,2
900,83,39.95,2006,34
860,83,13.95,2006,21
860,77,17.95,2006,849
860,81,16.95,2006,0
830,78,9.95,2006,0
820,51,12.95,2006,0
820,71,27.95,2006,42
810,53,39.95,2006,15
810,71,14.95,2006,8
810,88,17.95,2006,6
780,77,16.95,2006,56
770,76,27.95,2006,5
760,64,17.95,2006,4
700,79,4.95,2006,0
670,70,17.95,2006,4
670,85,17.95,2006,76
660,84,17.95,2006,8
610,83,17.95,2006,51
580,63,14.95,2006,12
580,85,27.95,2006,32
570,81,14.95,2006,51
560,84,4.95,2006,2
550,82,17.95,2006,0
520,80,19.95,2006,96
510,64,7.95,2006,0
490,76,6.95,2006,0
490,48,12.95,2006,2
480,81,9.95,2006,0
480,74,16.95,2006,21
470,75,17.95,2006,56
470,67,17.95,2006,56
450,81,12.95,2006,10
450,80,9.95,2006,1
440,84,16.95,2006,20
440,57,14.95,2006,10
420,68,17.95,2006,11
420,81,16.95,2006,11
420,59,4.95,2006,0
400,72,19.95,2006,7
400,67,17.95,2006,6
390,76,14.95,2006,17
390,87,17.95,2006,66
380,73,17.95,2006,68
370,66,16.95,2006,0
370,66,4.95,2006,3
360,75,9.95,2006,0
350,83,9.95,2006,0
350,67,16.95,2006,0
340,78,14.95,2006,10
340,78,24.95,2006,4
340,81,22.95,2006,68
330,78,24.95,2006,68
320,81,14.95,2006,1
320,75,22.95,2006,14
320,77,16.95,2006,26
320,85,17.95,2006,557
310,80,7.95,2006,2
300,76,14.95,2006,11
300,64,17.95,2006,11
300,85,17.95,2006,80
290,82,22.95,2006,187
280,81,9.95,2006,2
280,80,17.95,2006,19
280,56,14.95,2006,8
270,87,9.95,2006,51
270,80,14.95,2006,2
270,79,14.95,2006,68
270,79,19.95,2006,22
270,79,14.95,2006,135
260,71,16.95,2006,4
260,75,17.95,2006,0
260,52,14.95,2006,4
260,79,5.95,2006,2
250,71,12.95,2006,6
250,71,14.95,2006,3
250,82,17.95,2006,22
240,72,14.95,2006,16
240,75,14.95,2006,14
240,63,11.95,2006,4
240,68,14.95,2006,0
240,87,12.95,2006,8
230,63,6.95,2006,0
230,78,19.95,2006,4
230,70,14.95,2006,2
220,75,14.95,2006,5
220,76,14.95,2006,0
210,57,17.95,2006,2
210,78,12.95,2006,1
200,72,14.95,2006,1
200,77,17.95,2006,42
190,46,16.95,2006,1
190,82,6.95,2006,0
190,78,17.95,2006,7
190,70,16.95,2006,1
190,80,17.95,2006,38
190,70,14.95,2006,2
190,65,6.95,2006,2
190,51,19.95,2006,5
190,51,7.95,2006,5
180,49,17.95,2006,0
180,66,4.95,2006,0
170,69,17.95,2006,2
170,76,13.95,2006,136
170,72,17.95,2006,3
170,53,16.95,2006,1
170,55,14.95,2006,10
160,75,12.95,2006,1
160,77,14.95,2006,2
160,65,16.95,2006,29
160,80,22.95,2006,31
150,62,14.95,2006,1
150,69,17.95,2006,51
140,76,12.95,2006,2
140,73,14.95,2006,0
140,67,14.95,2006,4
140,69,14.95,2006,1
140,64,24.95,2006,5
140,63,16.95,2006,11
140,69,14.95,2006,2
140,76,19.95,2006,22
140,65,14.95,2006,0
140,72,16.95,2006,0
140,52,14.95,2006,8
130,58,16.95,2006,4
130,46,14.95,2006,1
130,72,17.95,2006,8
130,74,24.95,2006,5
130,83,17.95,2006,40
130,53,14.95,2006,2
120,49,14.95,2006,4
120,80,14.95,2006,0
120,81,14.95,2006,2
120,69,4.95,2006,3
120,61,17.95,2006,5
120,70,17.95,2006,2
110,59,14.95,2006,11
110,73,16.95,2006,15
110,59,14.95,2006,8
110,61,17.95,2006,76
110,57,17.95,2006,11
110,76,17.95,2006,10
110,82,16.95,2006,6
110,70,6.95,2006,3
100,61,14.95,2006,10
100,69,9.95,2006,21
100,71,17.95,2006,18
100,50,14.95,2006,8
100,53,17.95,2006,0
100,48,17.95,2006,1
90,65,19.95,2006,5
90,48,12.95,2006,11
90,68,14.95,2006,6
90,68,17.95,2006,1
90,79,17.95,2006,4
90,66,24.95,2006,0
90,45,16.95,2006,1
90,73,16.95,2006,88
90,39,19.95,2006,8
90,64,24.95,2006,13
90,64,14.95,2006,10
80,80,11.95,2006,2
80,69,17.95,2006,0
80,49,27.95,2006,8
80,43,17.95,2006,3
80,67,17.95,2006,1
80,74,14.95,2006,1
70,56,14.95,2006,0
70,49,17.95,2006,8
70,52,14.95,2006,8
70,38,16.95,2006,0
70,54,17.95,2006,3
70,73,14.95,2006,20
70,60,14.95,2006,11
70,58,17.95,2006,6
70,61,17.95,2006,11
70,67,12.95,2006,21
70,68,17.95,2006,28
70,64,17.95,2006,1
70,63,14.95,2006,3
70,66,17.95,2006,4
60,62,17.95,2006,4
60,72,16.95,2006,11
60,57,10.95,2006,1
60,60,16.95,2006,3
60,74,11.95,2006,1
60,72,17.95,2006,6
60,44,14.95,2006,3
60,59,14.95,2006,11
60,55,16.95,2006,12
50,68,14.95,2006,2
50,48,12.95,2006,1
50,55,14.95,2006,1
50,60,14.95,2006,2
50,70,12.95,2006,1
50,58,17.95,2006,203
50,64,17.95,2006,2
50,78,12.95,2006,0
50,67,19.95,2006,0
50,76,17.95,2006,1
50,56,24.95,2006,0
50,64,16.95,2006,50
40,78,24.95,2006,3
40,66,17.95,2006,6
40,70,8.95,2006,13
40,63,17.95,2006,0
40,50,14.95,2006,1
40,52,17.95,2006,0
40,80,22.95,2006,7
40,76,17.95,2006,2
40,63,17.95,2006,8
40,51,17.95,2006,2
40,34,12.95,2006,0
30,69,17.95,2006,23
30,60,12.95,2006,4
30,66,12.95,2006,3
30,48,16.95,2006,3
30,50,17.95,2006,0
30,57,14.95,2006,0
30,63,17.95,2006,0
30,47,12.95,2006,0
30,69,32.95,2006,1
30,82,17.95,2006,6
30,55,17.95,2006,0
20,63,19.95,2006,2
20,37,14.95,2006,2
20,70,14.95,2006,0
20,78,17.95,2006,4
20,64,17.95,2006,0
10,61,17.95,2006,0
10,59,14.95,2006,3
10,74,17.95,2006,6
10,78,13.95,2006,33
10,58,6.95,2006,18
9600,80,24.95,2007,11
8030,94,24.95,2007,333
5770,94,29.95,2007,615
4940,97,39.95,2007,289
4340,72,27.95,2007,10
3840,62,39.95,2007,16
3280,85,12.95,2007,86
3200,68,14.95,2007,26
3190,86,49.95,2007,86
3170,81,16.95,2007,1100
3030,80,17.95,2007,126
2910,94,24.95,2007,615
2740,67,29.95,2007,5
2660,80,17.95,2007,126
2480,90,12.95,2007,15
2320,85,9.95,2007,3
2040,92,17.95,2007,53
2020,92,14.95,2007,29
1920,90,24.95,2007,153
1910,59,15.95,2007,34
1910,59,24.95,2007,34
1770,81,17.95,2007,1100
1760,88,24.95,2007,1400
1570,91,17.95,2007,2300
1560,70,17.95,2007,6
1520,96,16.95,2007,1900
1500,85,29.95,2007,112
1490,25,14.95,2007,1
1470,85,14.95,2007,49
1450,73,17.95,2007,1
1380,61,14.95,2007,1
1310,80,24.95,2007,10
1260,85,23.95,2007,225
1240,91,16.95,2007,670
1200,93,17.95,2007,518
1170,67,17.95,2007,0
1170,66,17.95,2007,0
1160,63,24.95,2007,6
1100,68,19.95,2007,1
1100,72,16.95,2007,14
1100,20,11.95,2007,5
1090,80,17.95,2007,126
1080,69,16.95,2007,16
1060,96,17.95,2007,33
1020,83,14.95,2007,67
1010,92,14.95,2007,29
1000,72,17.95,2007,0
960,71,12.95,2007,14
940,81,9.95,2007,3
940,75,19.95,2007,615
940,68,17.95,2007,4
930,79,29.95,2007,9
930,73,16.95,2007,8
910,59,17.95,2007,1
910,90,19.95,2007,114
890,86,14.95,2007,10
860,76,12.95,2007,3
860,89,22.95,2007,113
850,80,17.95,2007,126
840,67,17.95,2007,3
830,81,9.95,2007,1
800,67,17.95,2007,1
750,73,16.95,2007,14
750,57,16.95,2007,0
750,73,17.95,2007,3
720,66,17.95,2007,0
700,79,9.95,2007,0
690,75,19.95,2007,55
680,81,9.95,2007,1
680,63,14.95,2007,3
660,66,16.95,2007,1
640,74,14.95,2007,14
640,75,9.95,2007,3
600,73,9.95,2007,0
600,69,17.95,2007,35
580,80,19.95,2007,14
570,79,24.95,2007,101
570,88,19.95,2007,36
570,63,16.95,2007,10
550,71,17.95,2007,35
530,67,17.95,2007,1
520,78,24.95,2007,8
510,80,14.95,2007,0
510,72,16.95,2007,1
510,64,24.95,2007,11
510,52,14.95,2007,13
500,81,9.95,2007,1
500,69,17.95,2007,8
500,63,11.95,2007,18
490,86,16.95,2007,76
490,61,16.95,2007,14
490,73,9.95,2007,0
480,65,19.95,2007,1
480,70,17.95,2007,1
480,85,17.95,2007,152
470,80,7.95,2007,3
470,64,17.95,2007,35
470,52,16.95,2007,0
460,68,16.95,2007,14
460,71,17.95,2007,1
460,73,17.95,2007,19
460,60,22.95,2007,1
450,57,17.95,2007,0
450,73,17.95,2007,81
450,73,17.95,2007,1
450,53,14.95,2007,18
450,78,19.95,2007,124
440,58,17.95,2007,4
440,79,16.95,2007,18
440,88,17.95,2007,113
440,72,24.95,2007,2
430,82,14.95,2007,0
430,62,19.95,2007,6
430,65,22.95,2007,2
430,50,14.95,2007,31
420,69,17.95,2007,19
410,46,14.95,2007,50
410,60,27.95,2007,17
400,43,16.95,2007,50
400,69,24.95,2007,25
400,60,14.95,2007,0
390,59,12.95,2007,14
390,71,17.95,2007,35
390,83,17.95,2007,34
380,65,14.95,2007,124
380,72,8.95,2007,1
380,72,12.95,2007,5
380,66,12.95,2007,141
370,70,16.95,2007,7
370,73,12.95,2007,1
370,71,15.95,2007,0
370,88,17.95,2007,151
360,66,17.95,2007,4
360,77,9.95,2007,1
360,80,17.95,2007,67
360,51,12.95,2007,5
360,82,14.95,2007,90
350,84,17.95,2007,10
350,67,17.95,2007,344
350,53,19.95,2007,10
350,53,17.95,2007,13
350,82,24.95,2007,41
350,76,17.95,2007,101
340,64,17.95,2007,6
340,73,19.95,2007,8
330,67,17.95,2007,1
330,60,24.95,2007,7
330,72,17.95,2007,33
330,81,19.95,2007,41
330,72,14.95,2007,0
330,86,16.95,2007,35
320,62,14.95,2007,4
320,69,17.95,2007,2
320,54,17.95,2007,13
320,70,12.95,2007,78
310,74,17.95,2007,1
310,83,17.95,2007,9
310,60,11.95,2007,0
310,63,17.95,2007,151
300,75,12.95,2007,0
300,77,9.95,2007,0
300,85,14.95,2007,10
300,69,14.95,2007,4
300,82,17.95,2007,58
300,73,14.95,2007,0
290,64,19.95,2007,124
290,65,17.95,2007,19
290,51,17.95,2007,25
290,69,14.95,2007,1
290,60,14.95,2007,4
290,83,17.95,2007,80
290,62,17.95,2007,30
280,56,14.95,2007,4
280,70,16.95,2007,4
280,56,14.95,2007,2
280,82,9.95,2007,0
280,58,19.95,2007,32
270,60,17.95,2007,17
270,83,17.95,2007,12
270,81,17.95,2007,107
270,66,14.95,2007,11
270,65,16.95,2007,6
270,60,17.95,2007,18
270,41,9.95,2007,5
260,75,14.95,2007,10
260,27,12.95,2007,2
260,57,16.95,2007,4
260,77,24.95,2007,3
260,80,24.95,2007,140
260,55,14.95,2007,1
260,78,34.95,2007,70
260,35,14.95,2007,5
260,62,19.95,2007,33
250,59,12.95,2007,0
240,80,19.95,2007,6
240,75,7.95,2007,1
240,74,7.95,2007,0
240,52,17.95,2007,14
230,49,16.95,2007,3
230,57,16.95,2007,1
230,68,14.95,2007,8
230,72,13.95,2007,8
230,59,16.95,2007,35
230,85,16.95,2007,7
220,79,12.95,2007,0
220,56,16.95,2007,6
220,77,17.95,2007,16
220,78,14.95,2007,85
220,78,17.95,2007,18
220,78,17.95,2007,64
220,68,16.95,2007,25
220,85,9.95,2007,2
210,80,16.95,2007,24
210,39,13.95,2007,1
210,87,19.95,2007,44
210,75,14.95,2007,10
210,73,17.95,2007,15
200,57,14.95,2007,0
200,56,16.95,2007,1
200,80,14.95,2007,90
190,46,29.95,2007,0
190,79,12.95,2007,4
190,65,17.95,2007,5
190,75,24.95,2007,24
190,60,16.95,2007,10
190,78,22.95,2007,76
190,27,14.95,2007,3
190,87,17.95,2007,37
180,43,17.95,2007,0
180,89,17.95,2007,10
180,82,16.95,2007,13
180,64,17.95,2007,51
180,72,17.95,2007,557
180,75,24.95,2007,49
180,71,17.95,2007,8
180,86,24.95,2007,38
170,86,9.95,2007,2
170,67,7.95,2007,0
170,67,16.95,2007,27
170,56,14.95,2007,1
170,53,19.95,2007,5
170,70,24.95,2007,28
170,83,17.95,2007,18
170,67,17.95,2007,25
160,81,6.95,2007,0
160,80,22.95,2007,4
160,76,16.95,2007,10
160,71,24.95,2007,17
160,68,16.95,2007,2
160,52,16.95,2007,6
160,64,16.95,2007,2
160,86,17.95,2007,1
160,83,17.95,2007,34
160,60,17.95,2007,32
160,50,13.95,2007,16
150,60,22.95,2007,16
150,55,14.95,2007,11
150,71,12.95,2007,4
150,55,22.95,2007,16
150,45,14.95,2007,58
150,72,17.95,2007,9
150,69,19.95,2007,7
150,87,17.95,2007,44
150,57,14.95,2007,0
150,65,16.95,2007,19
150,71,14.95,2007,98
150,81,9.95,2007,0
150,79,27.95,2007,132
150,55,14.95,2007,6
150,38,11.95,2007,3
140,73,9.95,2007,1
140,77,12.95,2007,0
140,69,17.95,2007,28
140,44,24.95,2007,0
140,52,14.95,2007,0
140,69,14.95,2007,28
130,59,17.95,2007,17
120,82,12.95,2007,0
120,63,9.95,2007,0
120,73,17.95,2007,7
120,79,14.95,2007,2
120,56,17.95,2007,27
120,77,17.95,2007,0
120,51,12.95,2007,5
120,40,12.95,2007,5
120,71,22.95,2007,25
120,43,19.95,2007,0
120,71,6.95,2007,0
110,81,14.95,2007,3
110,80,16.95,2007,2
110,75,24.95,2007,17
110,28,17.95,2007,0
110,61,17.95,2007,1
110,61,14.95,2007,14
110,72,16.95,2007,4
110,76,17.95,2007,31
110,82,16.95,2007,9
110,70,16.95,2007,78
110,49,27.95,2007,0
110,73,17.95,2007,33
110,37,12.95,2007,4
100,47,14.95,2007,7
100,77,14.95,2007,1
100,60,17.95,2007,4
100,71,16.95,2007,4
100,75,17.95,2007,17
100,61,16.95,2007,0
100,64,17.95,2007,0
100,28,14.95,2007,5
100,52,16.95,2007,25
100,58,44.95,2007,2
90,61,17.95,2007,2
90,72,16.95,2007,4
90,46,24.95,2007,1
90,39,17.95,2007,3
90,57,22.95,2007,4
90,55,17.95,2007,6
90,50,14.95,2007,16
90,62,17.95,2007,1
80,74,9.95,2007,0
80,67,12.95,2007,0
80,45,14.95,2007,7
80,55,14.95,2007,0
80,76,14.95,2007,3
80,70,22.95,2007,4
80,55,16.95,2007,4
80,54,24.95,2007,0
80,67,14.95,2007,9
80,51,17.95,2007,4
80,51,16.95,2007,0
80,83,16.95,2007,6
80,58,17.95,2007,0
80,64,17.95,2007,1
80,80,17.95,2007,22
80,72,16.95,2007,7
80,59,24.95,2007,0
80,63,34.95,2007,2
70,40,17.95,2007,3
70,75,16.95,2007,1
70,47,12.95,2007,0
70,51,16.95,2007,1
70,81,17.95,2007,2
70,51,12.95,2007,3
70,56,17.95,2007,30
70,58,17.95,2007,1
70,70,19.95,2007,0
70,80,16.95,2007,21
70,46,17.95,2007,2
60,48,12.95,2007,3
60,52,17.95,2007,0
60,66,24.95,2007,2
60,43,24.95,2007,26
60,56,14.95,2007,3
60,35,14.95,2007,0
60,66,17.95,2007,9
50,71,17.95,2007,1
50,77,17.95,2007,14
50,73,23.95,2007,21
50,73,16.95,2007,8
50,73,14.95,2007,7
50,56,17.95,2007,7
50,74,19.95,2007,0
40,74,17.95,2007,3
40,80,17.95,2007,2
40,59,17.95,2007,2
40,39,12.95,2007,7
40,72,17.95,2007,3
40,50,17.95,2007,0
40,35,14.95,2007,7
40,68,16.95,2007,1
40,49,12.95,2007,1
40,69,7.95,2007,33
40,50,12.95,2007,0
40,19,9.95,2007,0
40,65,17.95,2007,0
40,37,14.95,2007,6
40,66,14.95,2007,0
40,51,19.95,2007,3
30,72,6.95,2007,0
30,49,17.95,2007,0
30,75,7.95,2007,0
30,75,24.95,2007,1
30,61,16.95,2007,0
30,63,11.95,2007,3
30,56,14.95,2007,0
30,68,14.95,2007,7
30,73,16.95,2007,0
30,75,12.95,2007,2
30,55,8.95,2007,2
30,58,17.95,2007,4
30,74,16.95,2007,1
30,52,17.95,2007,11
20,76,17.95,2007,8
20,53,19.95,2007,4
20,74,12.95,2007,0
20,39,9.95,2007,1
20,60,17.95,2007,0
20,56,24.95,2007,2
20,58,22.95,2007,0
20,69,14.95,2007,2
20,79,16.95,2007,6
10,80,14.95,2007,6
10,72,17.95,2007,5
10,58,17.95,2007,0
10,70,17.95,2007,1
10,43,13.95,2007,1
10,73,19.95,2007,0
10,65,19.95,2007,0
10,84,17.95,2007,58
10,68,19.95,2007,0
10,71,14.95,2007,0
10,59,24.95,2007,14
12390,82,29.95,2008,108
5760,98,24.95,2008,824
5710,93,39.95,2008,131
4580,84,29.95,2008,268
3910,98,24.95,2008,824
3900,93,24.95,2008,256
2860,83,27.95,2008,171
2580,94,22.95,2008,691
2550,89,17.95,2008,207
2530,85,29.95,2008,268
2470,86,17.95,2008,38
2460,95,24.95,2008,135
2440,93,17.95,2008,790
2420,77,9.95,2008,85
2390,89,19.95,2008,232
2330,83,14.95,2008,4
2220,71,14.95,2008,1
2040,75,9.95,2008,28
1850,92,19.95,2008,27
1840,67,9.95,2008,5
1780,85,16.95,2008,38
1780,73,29.95,2008,15
1740,70,24.95,2008,5
1660,85,14.95,2008,4
1640,76,14.95,2008,121
1610,82,16.95,2008,76
1600,76,24.95,2008,28
1590,73,16.95,2008,212
1540,91,17.95,2008,332
1480,90,17.95,2008,790
1430,85,12.95,2008,13
1420,78,16.95,2008,85
1400,92,17.95,2008,29
1390,72,17.95,2008,121
1390,81,17.95,2008,313
1320,74,17.95,2008,121
1170,83,29.95,2008,268
1150,81,22.95,2008,10
1130,76,24.95,2008,24
1120,72,16.95,2008,85
1110,87,24.95,2008,131
1110,91,24.95,2008,27
1090,82,22.95,2008,10
1090,66,17.95,2008,18
1070,84,12.95,2008,0
1040,84,17.95,2008,38
1030,73,14.95,2008,27
1010,71,14.95,2008,212
1010,87,17.95,2008,145
990,68,24.95,2008,21
980,72,24.95,2008,24
960,88,17.95,2008,1000
950,78,14.95,2008,0
920,71,17.95,2008,212
910,70,9.95,2008,27
910,63,16.95,2008,1
870,85,19.95,2008,45
830,83,16.95,2008,344
810,82,17.95,2008,313
800,72,17.95,2008,2
800,84,17.95,2008,209
760,65,17.95,2008,5
760,84,17.95,2008,344
750,74,16.95,2008,85
740,73,17.95,2008,0
740,66,17.95,2008,7
730,85,19.95,2008,235
720,85,24.95,2008,5
700,65,14.95,2008,0
680,68,14.95,2008,4
680,83,14.95,2008,0
670,85,12.95,2008,1
670,81,24.95,2008,76
660,72,14.95,2008,18
660,64,17.95,2008,43
650,70,14.95,2008,27
650,85,22.95,2008,45
650,86,24.95,2008,296
620,65,34.95,2008,6
600,68,17.95,2008,3
590,59,17.95,2008,43
590,78,19.95,2008,25
580,82,14.95,2008,0
580,64,14.95,2008,0
560,81,14.95,2008,0
560,71,17.95,2008,28
560,84,19.95,2008,209
560,77,16.95,2008,7
540,73,17.95,2008,121
530,94,17.95,2008,1900
530,80,17.95,2008,251
530,81,16.95,2008,240
520,70,16.95,2008,28
520,74,17.95,2008,13
510,92,17.95,2008,535
510,76,17.95,2008,143
500,70,39.95,2008,0
500,75,24.95,2008,11
500,79,14.95,2008,1100
490,55,12.95,2008,19
490,79,17.95,2008,67
490,84,24.95,2008,30
480,51,17.95,2008,7
480,85,17.95,2008,240
480,88,14.95,2008,3
470,76,17.95,2008,59
470,60,14.95,2008,0
470,69,14.95,2008,32
460,44,16.95,2008,12
450,82,16.95,2008,26
450,56,16.95,2008,8
450,83,24.95,2008,27
440,75,17.95,2008,143
430,86,17.95,2008,35
430,75,17.95,2008,121
430,85,19.95,2008,235
420,65,24.95,2008,1
420,76,19.95,2008,59
420,54,17.95,2008,18
410,82,17.95,2008,4
410,60,17.95,2008,18
400,68,12.95,2008,1
390,90,17.95,2008,315
380,77,17.95,2008,85
370,82,29.95,2008,14
370,84,19.95,2008,0
370,67,24.95,2008,0
360,82,19.95,2008,0
360,80,17.95,2008,30
360,83,17.95,2008,13
360,67,16.95,2008,32
360,70,17.95,2008,12
360,68,19.95,2008,24
350,75,14.95,2008,48
350,87,19.95,2008,78
350,65,14.95,2008,37
340,69,16.95,2008,1
340,76,17.95,2008,85
340,59,17.95,2008,5
330,63,16.95,2008,4
330,56,14.95,2008,12
330,50,17.95,2008,0
330,83,14.95,2008,1
330,42,17.95,2008,12
320,55,17.95,2008,2
310,87,24.95,2008,78
310,88,19.95,2008,3
310,79,17.95,2008,34
300,81,34.95,2008,0
300,79,17.95,2008,4
300,69,17.95,2008,0
300,86,17.95,2008,38
300,63,15.95,2008,0
300,44,17.95,2008,12
290,65,14.95,2008,5
290,67,16.95,2008,92
290,79,14.95,2008,1100
290,46,16.95,2008,1
290,80,14.95,2008,49
280,71,12.95,2008,5
280,75,17.95,2008,1
280,82,17.95,2008,3
280,76,17.95,2008,7
280,45,17.95,2008,12
270,54,27.95,2008,43
270,50,14.95,2008,7
270,70,11.95,2008,2
270,59,16.95,2008,1
270,72,15.95,2008,18
270,68,17.95,2008,49
260,62,14.95,2008,8
260,69,14.95,2008,8
250,81,19.95,2008,71
250,70,17.95,2008,1
250,79,27.95,2008,218
240,70,17.95,2008,0
240,72,17.95,2008,19
240,78,24.95,2008,96
240,85,24.95,2008,85
240,55,17.95,2008,11
240,60,16.95,2008,8
240,63,17.95,2008,0
240,69,19.95,2008,0
240,43,7.95,2008,14
230,56,19.95,2008,0
230,82,14.95,2008,35
230,63,16.95,2008,0
230,72,14.95,2008,52
230,66,14.95,2008,73
220,71,19.95,2008,19
220,65,22.95,2008,0
220,42,7.95,2008,14
220,70,24.95,2008,1
220,60,24.95,2008,12
220,55,17.95,2008,1
220,70,17.95,2008,58
210,64,12.95,2008,8
210,55,16.95,2008,1
210,76,19.95,2008,28
210,72,13.95,2008,52
200,68,24.95,2008,74
200,74,24.95,2008,20
200,67,24.95,2008,24
190,65,17.95,2008,2
190,63,14.95,2008,8
190,54,10.95,2008,4
190,82,14.95,2008,0
190,60,14.95,2008,8
180,69,23.95,2008,12
180,59,24.95,2008,11
180,76,17.95,2008,3
170,55,9.95,2008,0
170,78,17.95,2008,2
170,85,11.95,2008,22
170,74,17.95,2008,82
170,54,16.95,2008,30
160,75,24.95,2008,1
160,83,17.95,2008,251
160,62,16.95,2008,3
160,60,24.95,2008,11
160,54,12.95,2008,0
160,83,12.95,2008,18
160,82,14.95,2008,49
160,71,17.95,2008,58
160,77,14.95,2008,27
160,68,14.95,2008,52
150,60,14.95,2008,1
150,56,14.95,2008,1
150,73,12.95,2008,7
150,71,17.95,2008,2
150,75,17.95,2008,20
150,55,17.95,2008,30
150,69,14.95,2008,0
140,80,24.95,2008,132
140,82,17.95,2008,4
140,74,9.95,2008,21
140,65,16.95,2008,52
140,52,14.95,2008,1
140,43,14.95,2008,8
140,70,17.95,2008,143
130,76,14.95,2008,16
130,56,14.95,2008,4
130,42,19.95,2008,0
130,52,17.95,2008,136
130,63,14.95,2008,19
120,57,19.95,2008,0
120,49,14.95,2008,0
120,75,17.95,2008,2
120,53,14.95,2008,0
120,83,22.95,2008,0
120,72,17.95,2008,5
120,84,29.95,2008,121
120,80,19.95,2008,5
120,65,19.95,2008,1
120,72,17.95,2008,3
120,58,14.95,2008,18
110,63,14.95,2008,0
110,67,16.95,2008,5
110,65,16.95,2008,0
110,53,17.95,2008,1
110,85,16.95,2008,0
110,69,14.95,2008,0
100,72,14.95,2008,16
100,58,24.95,2008,2
100,54,14.95,2008,0
100,54,16.95,2008,0
100,62,19.95,2008,2
100,83,17.95,2008,3
100,71,27.95,2008,6
100,82,24.95,2008,14
100,60,13.95,2008,0
100,59,17.95,2008,0
100,52,23.95,2008,127
100,63,47.95,2008,8
100,64,14.95,2008,0
100,70,14.95,2008,0
100,45,17.95,2008,0
100,53,16.95,2008,15
100,68,16.95,2008,0
100,67,12.95,2008,0
100,49,12.95,2008,0
90,78,17.95,2008,4
90,61,17.95,2008,0
90,45,14.95,2008,0
90,51,17.95,2008,7
90,49,14.95,2008,2
90,52,12.95,2008,11
90,78,19.95,2008,0
90,62,14.95,2008,2
90,47,16.95,2008,0
90,49,17.95,2008,3
90,71,17.95,2008,2
90,63,32.95,2008,2
90,70,17.95,2008,8
90,77,15.95,2008,24
90,79,19.95,2008,16
90,62,14.95,2008,19
90,39,14.95,2008,18
90,76,17.95,2008,9
90,70,17.95,2008,0
90,77,17.95,2008,30
90,53,17.95,2008,0
80,58,14.95,2008,0
80,44,14.95,2008,0
80,78,15.95,2008,5
80,54,12.95,2008,2
80,71,17.95,2008,2
80,75,24.95,2008,0
70,79,17.95,2008,0
70,63,14.95,2008,4
70,68,12.95,2008,2
70,57,14.95,2008,1
70,59,14.95,2008,3
70,82,24.95,2008,10
70,59,8.95,2008,0
70,61,17.95,2008,0
70,33,17.95,2008,0
70,47,17.95,2008,57
70,66,14.95,2008,4
60,55,14.95,2008,0
60,51,14.95,2008,2
60,76,29.95,2008,8
60,80,14.95,2008,6
60,63,14.95,2008,0
60,82,14.95,2008,5
60,71,14.95,2008,0
60,60,12.95,2008,3
60,73,24.95,2008,10
60,64,17.95,2008,7
60,63,17.95,2008,4
60,65,17.95,2008,0
60,60,14.95,2008,11
60,70,17.95,2008,0
60,65,14.95,2008,0
50,51,17.95,2008,11
50,64,17.95,2008,1
50,80,14.95,2008,0
50,72,17.95,2008,43
50,71,22.95,2008,6
50,83,14.95,2008,4
50,60,17.95,2008,5
50,60,19.95,2008,10
50,73,14.95,2008,0
50,78,14.95,2008,6
50,59,23.95,2008,0
50,66,17.95,2008,0
50,75,14.95,2008,1
50,47,12.95,2008,0
50,62,14.95,2008,11
50,72,23.95,2008,21
50,84,16.95,2008,0
50,62,29.95,2008,12
50,50,19.95,2008,57
50,46,17.95,2008,2
50,50,17.95,2008,6
50,64,24.95,2008,12
40,63,17.95,2008,0
40,69,24.95,2008,6
40,55,12.95,2008,14
40,65,17.95,2008,1
40,67,13.95,2008,2
40,75,12.95,2008,1
40,42,14.95,2008,0
40,74,12.95,2008,0
40,68,19.95,2008,0
40,30,24.95,2008,3
40,50,19.95,2008,2
40,56,17.95,2008,22
30,52,16.95,2008,0
30,58,11.95,2008,22
30,70,14.95,2008,1
30,67,12.95,2008,31
30,71,17.95,2008,27
30,62,17.95,2008,0
30,51,15.95,2008,0
20,64,17.95,2008,27
20,39,17.95,2008,1
